<?xml version="1.0" encoding="UTF-8"?>
<project-private xmlns="http://www.netbeans.org/ns/project-private/1">
    <editor-bookmarks xmlns="http://www.netbeans.org/ns/editor-bookmarks/2" lastBookmarkId="0"/>
    <open-files xmlns="http://www.netbeans.org/ns/projectui-open-files/2">
        <group>
            <file>file:/E:/IT2019111/IT2019111/src/view/RoyalRoom.java</file>
            <file>file:/E:/IT2019111/IT2019111/src/model/AddOceanView.java</file>
            <file>file:/E:/IT2019111/IT2019111/src/controller/RoyalController.java</file>
            <file>file:/E:/IT2019111/IT2019111/src/model/DBConnection.java</file>
            <file>file:/E:/IT2019111/IT2019111/src/view/Wedding.java</file>
            <file>file:/E:/IT2019111/IT2019111/src/model/AddWeddingF.java</file>
            <file>file:/E:/IT2019111/IT2019111/src/view/Login.java</file>
            <file>file:/E:/IT2019111/IT2019111/src/controller/OceanViewController.java</file>
            <file>file:/E:/IT2019111/IT2019111/src/model/AddRoyal.java</file>
            <file>file:/E:/IT2019111/IT2019111/src/controller/WeddingFController.java</file>
            <file>file:/E:/IT2019111/IT2019111/src/view/WeddingDisplay.java</file>
            <file>file:/E:/IT2019111/IT2019111/src/view/Home.java</file>
            <file>file:/E:/IT2019111/IT2019111/src/view/OceanViewRoom.java</file>
            <file>file:/E:/IT2019111/IT2019111/src/view/Contact.java</file>
            <file>file:/E:/IT2019111/IT2019111/src/view/WeddingF.java</file>
            <file>file:/E:/IT2019111/IT2019111/src/view/Feedback.java</file>
            <file>file:/E:/IT2019111/IT2019111/src/view/OceanViewDisplay.java</file>
            <file>file:/E:/IT2019111/IT2019111/src/model/DBSearch.java</file>
            <file>file:/E:/IT2019111/IT2019111/src/view/RoyalRoomDisplay.java</file>
            <file>file:/E:/IT2019111/IT2019111/src/it2019111/IT2019111.java</file>
            <file>file:/E:/IT2019111/IT2019111/src/controller/FeedbackController.java</file>
            <file>file:/E:/IT2019111/IT2019111/src/controller/LoginController.java</file>
            <file>file:/E:/IT2019111/IT2019111/src/model/AddFeedback.java</file>
        </group>
    </open-files>
</project-private>
